<?xml version="1.0" encoding="utf-8"?>
<!DOCTYPE hibernate-configuration PUBLIC
"-//Hibernate/Hibernate Configuration DTD 3.0//EN"
"http://hibernate.sourceforge.net/hibernate-configuration-3.0.dtd">
<hibernate-configuration>
	<session-factory>

		<property name="hibernate.connection.url">jdbc:sqlserver://localhost:1433;DatabaseName=XDPM_Nhom3_ThueBangDia</property>
		<property name="hibernate.connection.username">sa</property>
		<property name="hibernate.connection.password">sapassword</property>
		<property name="hibernate.connection.driver_class">com.microsoft.sqlserver.jdbc.SQLServerDriver</property>
		<property name="hibernate.dialect">org.hibernate.dialect.SQLServerDialect</property>

		<property name="show_sql">false</property>

		<property name="format_sql">true</property>
		<!-- <property name="hbm2ddl.auto">create</property> -->

		<!-- JDBC connection pool (use the built-in) -->
		<property name="hibernate.connection.pool_size">4</property>
		<property name="current_session_context_class">thread</property>

		<mapping class="se.iuh.model.TuaDia" />
		<mapping class="se.iuh.model.Dia" />
		<mapping class="se.iuh.model.PhieuTra" />
		<mapping class="se.iuh.model.PhieuThue" />
		<mapping class="se.iuh.model.PK_Dia_PhieuThue" />
		<mapping class="se.iuh.model.PhiTreHan" />
		<mapping class="se.iuh.model.ThanhToanTreHan" />
		<mapping class="se.iuh.model.KhachHang" />
		<mapping class="se.iuh.model.NhanVien" />
		<mapping class="se.iuh.model.DatTruoc" />
		<mapping class="se.iuh.model.ChiTietPhieuThue" />

	</session-factory>
</hibernate-configuration>

